{
"highest_level": 3,
"room_unlocked": 4,
"num_levels": 4,
"level_jsons": [
	"jsons/levels/tutorial.json",
	"jsons/levels/level_1.json",
	"jsons/levels/level_2.json",
	"jsons/levels/level_3.json"
],
"gameTimes": [
	[ 3.4028235E38, 3.4028235E38, 3.4028235E38, 3.4028235E38, 3.4028235E38, 3.4028235E38, 3.4028235E38, 3.4028235E38, 3.4028235E38, 3.4028235E38, 3.4028235E38, 3.4028235E38, 3.4028235E38, 3.4028235E38, 3.4028235E38, 3.4028235E38, 3.4028235E38, 3.4028235E38, 3.4028235E38, 3.4028235E38, 3.4028235E38 ],
	[ 4.370496, 8.732356, 8.23052, 14.5665045, 24.898808, 11.750381, 27.997972, 35.79778, 24.799732, 14.317816, 12.782743, 48.210953, 32.232548, 27.381407, 21.380745 ],
	[ 4.370496, 7.0664186, 8.23052, 6.0514026, 7.3673396, 7.817816, 9.5660715, 10.398147, 15.266601, 11.032372, 12.566036, 13.665395, 12.532264, 22.749603, 21.380745 ],
	[ 9.014345, 27.116682, 24.864733, 41.44524, 3.4028235E38 ]
]
}