{
"highest_level": 3,
"room_unlocked": 0,
"num_levels": 4,
"level_jsons": [
	"jsons/levels/tutorial.json",
	"jsons/levels/level_1.json",
	"jsons/levels/level_2.json",
	"jsons/levels/level_3.json"
],
"gameTimes": [
	[ 8.44864, 12.016596, 2.6833944, 3.4028235E38, 3.4028235E38, 3.4028235E38, 3.4028235E38, 3.4028235E38, 3.4028235E38, 3.4028235E38, 3.4028235E38, 3.4028235E38, 3.4028235E38, 3.4028235E38, 3.4028235E38, 3.4028235E38, 3.4028235E38, 3.4028235E38, 3.4028235E38, 3.4028235E38, 3.4028235E38 ],
	[ 4.370496, 8.732356, 8.23052, 14.5665045, 24.898808, 11.750381, 27.997972, 35.79778, 24.799732, 14.317816, 12.782743, 48.210953, 32.232548, 27.381407, 21.380745 ],
	[ 3.4028235E38, 3.4028235E38, 19.498753 ],
	[ 3.4028235E38, 3.4028235E38, 3.4028235E38, 3.4028235E38, 3.4028235E38 ]
]
}