{
"highest_level": 3,
"room_unlocked": 2,
"num_levels": 4,
"level_jsons": [
	"jsons/levels/tutorial.json",
	"jsons/levels/level_1.json",
	"jsons/levels/level_2.json",
	"jsons/levels/level_3.json"
],
"gameTimes": [
	[ 3.4028235E38, 3.4028235E38, 3.4028235E38, 3.4028235E38, 3.4028235E38, 3.4028235E38, 2.4222517, 3.1561983, 4.06797, 5.1310124, 5.0481834, 3.5166428, 3.2718296, 3.9854436, 5.946811, 5.182007, 5.9813533, 6.829887, 15.548573, 11.468487, 10.067271 ],
	[ 4.370496, 7.456029, 8.23052, 13.701491, 12.047667, 11.750381, 27.997972, 25.863995, 19.079847, 14.317816, 12.782743, 48.210953, 13.098944, 20.099257, 21.380745 ],
	[ 4.370496, 7.0664186, 8.23052, 6.0514026, 7.087645, 7.817816, 9.5660715, 10.398147, 15.266601, 11.032372, 12.566036, 13.665395, 12.532264, 22.39894, 21.380745 ],
	[ 4.370496, 7.0664186, 8.23052, 6.0514026, 7.3673396, 7.817816, 9.5660715, 10.398147, 15.266601, 11.032372 ]
]
}