{
"highest_level": 3,
<<<<<<< HEAD
"room_unlocked": 0,
=======
"room_unlocked": 8,
>>>>>>> 23d44e55600a682ef776e3c4134ffe4821d749b5
"num_levels": 4,
"level_jsons": [
	"jsons/levels/tutorial.json",
	"jsons/levels/level_1.json",
	"jsons/levels/level_2.json",
	"jsons/levels/level_3.json"
],
"gameTimes": [
	[ 3.4028235E38, 3.4028235E38, 3.4028235E38, 3.4028235E38, 3.4028235E38, 3.4028235E38, 3.4028235E38, 3.4028235E38, 3.4028235E38, 3.4028235E38, 3.4028235E38, 3.4028235E38, 3.4028235E38, 3.4028235E38, 3.4028235E38, 3.4028235E38, 3.4028235E38, 3.4028235E38, 3.4028235E38, 3.4028235E38, 3.4028235E38 ],
<<<<<<< HEAD
	[ 4.370496, 8.732356, 8.23052, 14.5665045, 24.898808, 11.750381, 27.997972, 35.79778, 19.079847, 14.317816, 12.782743, 48.210953, 32.232548, 27.381407, 21.380745 ],
	[ 4.370496, 7.0664186, 8.23052, 6.0514026, 7.3673396, 7.817816, 9.5660715, 10.398147, 15.266601, 11.032372, 12.566036, 13.665395, 12.532264, 22.749603, 21.380745 ],
	[ 9.014345, 27.116682, 24.864733, 41.44524, 56.66305 ]
=======
	[ 4.370496, 7.456029, 8.23052, 12.821973, 9.390804, 11.026365, 11.559566, 20.282309, 19.079847, 13.677208, 8.472373, 11.1717205, 13.098944, 20.099257, 18.263905 ],
	[ 4.370496, 6.3196507, 8.23052, 6.0514026, 6.104551, 7.817816, 9.5660715, 10.398147, 12.973939, 11.032372, 12.566036, 13.665395, 12.532264, 22.39894, 21.380745 ],
	[ 4.370496, 7.0664186, 8.23052, 6.0514026, 7.3673396, 7.817816, 9.5660715, 10.398147, 15.266601, 11.032372 ]
>>>>>>> 23d44e55600a682ef776e3c4134ffe4821d749b5
]
}